target,rmse
Al,155.89989812810163
B,0.0589956546113047
Ca,919.0553663480862
Cu,0.9251385009448315
Fe,31.747676277563762
K,144.0153824637516
Mg,210.65868220407137
Mn,47.64345716018223
N,0.18663930544753907
Na,18.040692470546098
P,4.495943399505667
S,2.8643998751331816
Zn,0.3197301736841487
