target,rmse
Al,148.3687721705511
B,0.05827628770661699
Ca,962.0180109696896
Cu,0.9189927857059047
Fe,30.521887083443865
K,143.78038951309892
Mg,204.8222668727093
Mn,46.8084592894536
N,0.18913854728838325
Na,17.820880728219056
P,4.444097002880394
S,2.9031136658409262
Zn,0.32064247217299746
