target,rmse
Al,147.27829136395104
B,0.05938289555840892
Ca,979.8866905636246
Cu,0.9101091152344692
Fe,30.427537170988916
K,145.59248066885593
Mg,205.27233262503864
Mn,46.624300817583766
N,0.18863623252426842
Na,17.620077071806897
P,4.453138249278984
S,2.8860386598045644
Zn,0.3216066328102836
